Year,Month,Month_Name,Income,Expense,Savings,Savings_Percentage,Month_Index
2023,9,September,491020.0,179025.0,311995.0,63.540181662661396,0
2023,10,October,169540.0,210105.0,-40565.0,-23.926507018992567,1
2023,11,November,205600.0,191754.0,13846.0,6.73443579766537,2
2023,12,December,137950.0,169124.0,-31174.0,-22.598042769119246,3
2024,1,January,222350.0,195163.0,27187.0,12.227119406341354,4
2024,2,February,269090.0,135871.0,133219.0,49.507228064959676,5
